Banksy,https://www.banksy.co.uk/
,https://ru.wikipedia.org/wiki/%D0%91%D1%8D%D0%BD%D0%BA%D1%81%D0%B8
Banksy (@banksy) Ч Instagram,https://www.instagram.com/banksy/
Banksy Ч смотрите картинки,//yandex.ru/images/search?text=banksy&stype=image&lr=20&parent-reqid=1585780855314748-1452723830268166987200180-vla1-3285&source=wiz
,https://crossarea.ru/street-art/works/banksy-works/
,https://en.wikipedia.org/wiki/Banksy
√оворит художник: Ѕэнкси |  лей | яндекс ƒзен,https://zen.yandex.ru/media/id/5b04030d3dceb7c9dbe17693/5b04030d3dceb7c9dbe17694
,https://vk.com/banksynews
Banksy Ч слушайте бесплатно онлайн,https://music.yandex.ru/album/10289693/track/64221962?from=serp
Banksy Ч смотрите коллекции,https://yandex.ru/collections/search/boards/?text=banksy&utm_source=yandex&utm_medium=serp&utm_campaign=dynamic&parent-reqid=1585780855314748-1452723830268166987200180-vla1-3285
»стори€ уличного художника Ѕэнкси. „тобы узнать его...,https://www.adme.ru/tvorchestvo-hudozhniki/istoriya-ulichnogo-hudozhnika-benksi-on-nachinal-kareru-ubegaya-ot-policii-a-sejchas-za-nim-begaet-ves-mir-2142915/
,https://pret-a-portal.by/10-rabot-bjenksi-o-kotoryh-vam-nado-znat/
Ѕэнкси Ч самый таинственный и скандальный мастер...,https://BigPicture.ru/?p=170413
